id,title,publisher,url,purpose
S01,HDFC Large Cap Fund – Direct/Regular scheme page,HDFC AMC,https://www.hdfcfund.com/explore/mutual-funds/hdfc-large-cap-fund/regular,"Scheme facts: TER, riskometer, minimum SIP, benchmark, exit load, documents"
S02,HDFC Flexi Cap Fund – Direct scheme page,HDFC AMC,https://www.hdfcfund.com/explore/mutual-funds/hdfc-flexi-cap-fund/direct,"Scheme facts: riskometer, benchmark, minimum SIP, exit load, FAQ"
S03,HDFC ELSS Tax Saver Fund – Direct scheme page,HDFC AMC,https://www.hdfcfund.com/explore/mutual-funds/hdfc-elss-tax-saver-fund/direct,"Scheme facts: minimum SIP, exit load, investment/redemption FAQ"
S04,HDFC Balanced Advantage Fund – Direct scheme page,HDFC AMC,https://www.hdfcfund.com/explore/mutual-funds/hdfc-balanced-advantage-fund/direct,"Scheme facts: riskometer, minimum SIP, exit load"
S05,HDFC ELSS Tax Saver presentation,HDFC AMC,https://files.hdfcfund.com/s3fs-public/Others/2025-10/HDFC%20ELSS%20Tax%20saver%20Presentation%20%28October%202025%29.pdf,ELSS 3-year lock-in and benchmark
S06,HDFC ELSS Tax Saver SID,HDFC AMC / AMFI portal,https://files.hdfcfund.com/s3fs-public/SID/2024-11/SID%20-%20HDFC%20ELSS%20Tax%20Saver%20Fund%20dated%20November%2021%2C%202024.pdf,Official scheme document and benchmark
S07,HDFC Fund Literature – Leaflets,HDFC AMC,https://www.hdfcfund.com/mutual-funds/fund-literature/leaflets,Official scheme leaflets/fund facts
S08,HDFC Fund Literature – Presentations,HDFC AMC,https://www.hdfcfund.com/mutual-funds/fund-literature/presentation,Official scheme presentations
S09,HDFC Consolidated Account Statement,HDFC AMC,https://www.hdfcfund.com/services/consolidated-account-statement,How to obtain account statement
S10,HDFC Request Statement,HDFC AMC,https://www.hdfcfund.com/services/additional-info/request-statement,"Account, dividend, exit-load and capital-gains statements"
S11,HDFC Capital Gain Statement guide,HDFC AMC,https://www.hdfcfund.com/learn/blog/how-get-capital-gain-statement-mutual-fund-schemes-india,How capital-gains statements can be obtained
S12,HDFC Systematic Investment Plan FAQs,HDFC AMC,https://www.hdfcfund.com/services/faqs/systematic-investment-plan,SIP and exit-load FAQ
S13,SEBI Investor – Exit Load,SEBI,https://investor.sebi.gov.in/exit_load.html,Definition and mechanics of exit load
S14,SEBI Investor – Understanding Riskometer,SEBI,https://investor.sebi.gov.in/hindi/riskometer.html,Riskometer definition and levels
S15,AMFI Investor Corner,AMFI,https://www.amfiindia.com/investor,General investor education and MF resources
S16,AMFI Download CAS,AMFI,https://www.amfiindia.com/online-center/download-cas,How to obtain consolidated account statement
S17,AMFI Scheme-wise Disclosure,AMFI,https://www.amfiindia.com/otherdata/scheme-wise-disclosure,Scheme disclosure data
S18,AMFI Fund Factsheet Guide,AMFI,https://www.amfiindia.com/investor/become-mf-distributor?zoneName=trackYourMF,What a mutual fund factsheet contains
